Nom,Emplacement_parent,Societe,Tiers,Adresse,Type
APPOLO - Atelier Décorations,,Axelor,APOLLO, 110 RUE PAUL BERT 69001 LYON,Interne
APPOLO - Atelier Décorations / Atelier,APPOLO - Atelier Décorations,Axelor,APOLLO, 110 RUE PAUL BERT 69001 LYON,Interne
APPOLO - Atelier Décorations / Atelier / Composants,APPOLO - Atelier Décorations / Atelier,Axelor,APOLLO, 110 RUE PAUL BERT 69001 LYON,Interne
APPOLO - Atelier Décorations / Atelier / Rebuts,APPOLO - Atelier Décorations / Atelier,Axelor,APOLLO, 110 RUE PAUL BERT 69001 LYON,Interne
APPOLO - Atelier Décorations / Magasin (PF),APPOLO - Atelier Décorations,Axelor,APOLLO, 110 RUE PAUL BERT 69001 LYON,Interne
APPOLO - Atelier Meuble / Atelier,APPOLO - Atelier Meubles,Axelor,APOLLO, 110 RUE PAUL BERT 69001 LYON,Interne
APPOLO - Atelier Meuble / Atelier / Rebuts,APPOLO - Atelier Meuble / Atelier,Axelor,APOLLO, 110 RUE PAUL BERT 69001 LYON,Interne
APPOLO - Atelier Meuble / Magasin (PF),APPOLO - Atelier Meubles,Axelor,APOLLO, 110 RUE PAUL BERT 69001 LYON,Interne
APPOLO - Atelier Meuble / Atelier / Composants,APPOLO - Atelier Meuble / Atelier,Axelor,APOLLO, 110 RUE PAUL BERT 69001 LYON,Interne
APPOLO - Atelier Meubles,,Axelor,APOLLO, 110 RUE PAUL BERT 69001 LYON,Interne